event_timestamp,vehicle_id,battery_soc_percent,speed_kmh,latitude,longitude,motor_temp_celsius
2026-10-01T14:08:47.389723,EV-DELIVERY-004,77.6,20.9,22.57738,88.31417,57.9
2026-10-01T14:08:50.026311,EV-DELIVERY-009,24.94,35.9,22.5998,88.3174,56.8
2026-10-01T14:08:51.580510,EV-DELIVERY-002,25.09,5.5,22.60678,88.37962,65.7
2026-10-01T14:08:53.089086,EV-DELIVERY-006,63.55,27.9,22.5544,88.39234,68.9
2026-10-01T14:08:54.594841,EV-DELIVERY-007,94.87,26.3,22.60469,88.32604,40.1
2026-10-01T14:08:56.103972,EV-DELIVERY-008,97.7,41.4,22.54387,88.3308,47.2
2026-10-01T14:08:57.610784,EV-DELIVERY-007,83.4,42.1,22.57923,88.33744,64.3
2026-10-01T14:08:59.118072,EV-DELIVERY-002,90.36,29.9,22.61097,88.40804,62.5
2026-10-01T14:09:00.625005,EV-DELIVERY-008,83.69,29.7,22.56054,88.37857,52.8
2026-10-01T14:09:02.131058,EV-DELIVERY-004,29.76,20.1,22.59678,88.31778,64.2
2026-10-01T14:09:03.638352,EV-DELIVERY-009,96.88,28.3,22.57712,88.38429,49.7
2026-10-01T14:09:05.145087,EV-DELIVERY-001,15.18,10.4,22.61773,88.40766,63.0
2026-10-01T14:09:06.653232,EV-DELIVERY-009,78.32,13.4,22.57665,88.38848,69.3
2026-10-01T14:09:08.160154,EV-DELIVERY-001,97.46,3.6,22.52353,88.34858,63.9
2026-10-01T14:09:09.666741,EV-DELIVERY-008,79.74,29.7,22.61315,88.33083,57.0
2026-10-01T14:09:11.173112,EV-DELIVERY-009,34.01,18.7,22.53572,88.39496,73.5
2026-10-01T14:09:12.680084,EV-DELIVERY-007,68.33,11.1,22.52524,88.34622,52.2
2026-10-01T14:09:14.186912,EV-DELIVERY-005,46.11,20.2,22.5913,88.41355,54.2
2026-10-01T14:09:15.693887,EV-DELIVERY-005,42.08,43.5,22.57164,88.3671,43.2
2026-10-01T14:09:17.200493,EV-DELIVERY-005,24.93,31.0,22.60631,88.33662,69.0
2026-10-01T14:09:18.707351,EV-DELIVERY-002,45.11,30.1,22.60722,88.41076,70.6
2026-10-01T14:09:20.213948,EV-DELIVERY-004,23.64,7.4,22.58405,88.37209,47.3
2026-10-01T14:09:21.721050,EV-DELIVERY-003,68.46,1.1,22.54807,88.3491,67.4
2026-10-01T14:09:23.227537,EV-DELIVERY-006,86.32,24.6,22.58404,88.40856,69.5
2026-10-01T14:09:24.733874,EV-DELIVERY-007,97.66,27.5,22.58803,88.38459,58.5
2026-10-01T14:09:26.240875,EV-DELIVERY-007,86.42,3.4,22.55131,88.39174,41.4
2026-10-01T14:09:27.747188,EV-DELIVERY-006,55.16,20.4,22.53798,88.34601,62.6
2026-10-01T14:09:29.253643,EV-DELIVERY-006,31.68,9.9,22.53077,88.38616,74.2
2026-10-01T14:09:30.761006,EV-DELIVERY-005,52.89,38.3,22.58745,88.4122,53.7
2026-10-01T14:09:32.268893,EV-DELIVERY-005,85.19,19.7,22.5911,88.33921,67.1
2026-10-01T14:09:33.778999,EV-DELIVERY-009,80.5,25.8,22.55783,88.37105,41.8
2026-10-01T14:09:35.287280,EV-DELIVERY-008,23.31,33.2,22.56258,88.38099,57.9
2026-10-01T14:09:36.795178,EV-DELIVERY-002,21.73,19.8,22.54429,88.32215,55.6
2026-10-01T14:09:38.302050,EV-DELIVERY-008,28.91,2.0,22.53002,88.39821,50.4
2026-10-01T14:09:39.807850,EV-DELIVERY-001,60.57,15.7,22.61762,88.40575,52.9
2026-10-01T14:09:41.316512,EV-DELIVERY-006,71.03,38.3,22.53162,88.35576,62.8
2026-10-01T14:09:42.823140,EV-DELIVERY-007,25.03,4.8,22.58466,88.31766,47.5
2026-10-01T14:09:44.330439,EV-DELIVERY-001,38.09,13.1,22.60287,88.32222,58.4
2026-10-01T14:09:45.839093,EV-DELIVERY-006,27.17,18.8,22.59825,88.38423,73.6
2026-10-01T14:09:47.345837,EV-DELIVERY-009,45.35,41.1,22.53709,88.38265,42.4
2026-10-01T14:09:48.885236,EV-DELIVERY-007,72.05,37.1,22.5438,88.40626,67.2
2026-10-01T14:09:50.392700,EV-DELIVERY-003,54.95,15.2,22.58949,88.34446,55.3
2026-10-01T14:09:51.901116,EV-DELIVERY-009,42.04,9.4,22.55888,88.36348,67.6
2026-10-01T14:09:53.409157,EV-DELIVERY-007,72.74,18.0,22.60085,88.38094,40.4
2026-10-01T14:09:54.915942,EV-DELIVERY-003,42.12,25.9,22.58096,88.40932,42.7
2026-10-01T14:09:56.422386,EV-DELIVERY-006,57.04,26.2,22.58952,88.40123,53.1
2026-10-01T14:09:57.929029,EV-DELIVERY-008,81.19,32.8,22.55447,88.37826,60.1
2026-10-01T14:09:59.441987,EV-DELIVERY-009,32.34,43.4,22.62017,88.3594,42.3
2026-10-01T14:10:00.948134,EV-DELIVERY-004,90.74,1.2,22.54382,88.37528,50.5
2026-10-01T14:10:02.456013,EV-DELIVERY-003,16.29,3.3,22.59745,88.34001,62.1
2026-10-01T14:10:03.962719,EV-DELIVERY-006,30.72,19.1,22.55795,88.37116,65.9
2026-10-01T14:10:05.470852,EV-DELIVERY-003,18.46,43.0,22.57615,88.36443,66.5
2026-10-01T14:10:06.977988,EV-DELIVERY-005,17.21,10.1,22.596,88.32606,49.1
2026-10-01T14:10:08.484562,EV-DELIVERY-004,84.8,27.1,22.59306,88.37086,50.4
2026-10-01T14:10:09.991653,EV-DELIVERY-004,25.53,7.6,22.53198,88.3587,44.0
2026-10-01T14:10:11.499553,EV-DELIVERY-001,87.22,4.7,22.61108,88.40622,65.3
2026-10-01T14:10:13.008075,EV-DELIVERY-007,96.1,0.7,22.56335,88.37773,45.9
2026-10-01T14:10:14.516335,EV-DELIVERY-008,75.95,8.0,22.61584,88.36281,46.3
2026-10-01T14:10:16.027250,EV-DELIVERY-008,65.47,8.4,22.60014,88.33108,47.7
2026-10-01T14:10:17.534990,EV-DELIVERY-009,53.63,23.3,22.55113,88.39105,74.4
2026-10-01T14:10:19.040989,EV-DELIVERY-004,77.8,31.1,22.6119,88.40653,73.4
2026-10-01T14:10:20.546632,EV-DELIVERY-008,15.84,34.9,22.52515,88.31947,52.6
2026-10-01T14:10:22.055116,EV-DELIVERY-004,50.28,15.0,22.54633,88.41317,70.5
2026-10-01T14:10:23.569633,EV-DELIVERY-006,29.17,6.3,22.56717,88.35969,71.0
2026-10-01T14:10:25.075780,EV-DELIVERY-005,94.49,24.6,22.58087,88.32403,70.2
2026-10-01T14:10:26.583016,EV-DELIVERY-002,40.19,24.0,22.54713,88.36834,61.1
2026-10-01T14:10:28.089263,EV-DELIVERY-003,32.87,29.6,22.60309,88.36501,66.4
2026-10-01T14:10:29.597574,EV-DELIVERY-002,57.58,18.3,22.60712,88.3721,41.3
2026-10-01T14:10:31.103509,EV-DELIVERY-002,91.67,44.9,22.54179,88.40353,73.2
2026-10-01T14:10:32.614499,EV-DELIVERY-008,63.55,24.7,22.6073,88.35176,58.2
2026-10-01T14:10:34.120058,EV-DELIVERY-007,45.17,38.6,22.61882,88.37879,74.0
2026-10-01T14:10:35.625573,EV-DELIVERY-002,23.34,11.1,22.6087,88.37226,68.0
2026-10-01T14:10:37.133180,EV-DELIVERY-007,80.87,30.1,22.5611,88.39008,46.6
2026-10-01T14:10:38.639394,EV-DELIVERY-004,35.41,0.2,22.54317,88.31907,71.7
2026-10-01T14:10:40.147360,EV-DELIVERY-004,87.05,1.9,22.53877,88.31474,40.0
2026-10-01T14:10:41.655463,EV-DELIVERY-003,66.17,26.1,22.61052,88.33222,66.5
2026-10-01T14:10:43.161410,EV-DELIVERY-002,93.36,16.1,22.60022,88.33904,41.0
2026-10-01T14:10:44.668343,EV-DELIVERY-001,82.41,38.2,22.57506,88.39757,59.8
2026-10-01T14:10:46.174627,EV-DELIVERY-009,41.86,33.8,22.53124,88.41209,56.9
2026-10-01T14:10:47.680886,EV-DELIVERY-001,41.14,32.5,22.6034,88.40304,69.6
2026-10-01T14:10:49.187137,EV-DELIVERY-005,24.85,13.2,22.57711,88.38461,50.0
2026-10-01T14:10:50.693915,EV-DELIVERY-008,66.58,29.9,22.57034,88.40015,62.0
2026-10-01T14:10:52.202907,EV-DELIVERY-001,53.91,11.4,22.55304,88.41017,65.6
2026-10-01T14:10:53.708001,EV-DELIVERY-003,87.01,3.9,22.53012,88.37632,70.3
2026-10-01T14:10:55.213747,EV-DELIVERY-001,44.24,0.7,22.57455,88.37251,73.4
2026-10-01T14:10:56.722408,EV-DELIVERY-006,50.33,34.5,22.59111,88.37359,71.8
2026-10-01T14:10:58.228951,EV-DELIVERY-001,15.57,25.5,22.53517,88.37664,69.5
2026-10-01T14:10:59.736413,EV-DELIVERY-003,53.43,6.4,22.59029,88.3992,48.2
2026-10-01T14:11:01.243084,EV-DELIVERY-006,72.3,32.4,22.55452,88.39007,64.0
2026-10-01T14:11:02.751149,EV-DELIVERY-006,86.93,0.9,22.53703,88.37096,69.9
2026-10-01T14:11:04.257760,EV-DELIVERY-003,82.44,44.6,22.59762,88.40838,46.3
2026-10-01T14:11:05.770338,EV-DELIVERY-003,37.08,31.3,22.55073,88.3686,48.6
2026-10-01T14:11:07.276836,EV-DELIVERY-006,24.14,19.9,22.53186,88.33726,44.5
2026-10-01T14:11:08.784549,EV-DELIVERY-003,50.19,16.5,22.60299,88.37681,72.0
2026-10-01T14:11:10.292737,EV-DELIVERY-007,59.07,9.6,22.55147,88.35772,56.6
2026-10-01T14:11:11.799329,EV-DELIVERY-006,83.36,20.2,22.57703,88.34304,51.6
2026-10-01T14:11:13.305579,EV-DELIVERY-006,73.6,16.1,22.52554,88.32706,55.9
2026-10-01T14:11:14.812249,EV-DELIVERY-005,54.58,33.3,22.52852,88.41352,47.7
2026-10-01T14:11:16.322321,EV-DELIVERY-008,37.25,35.6,22.54984,88.33413,47.2
2026-10-01T14:11:17.828564,EV-DELIVERY-006,28.21,27.9,22.58251,88.33991,58.3
2026-10-01T14:11:19.336089,EV-DELIVERY-008,44.51,23.4,22.61489,88.35452,58.6
2026-10-01T14:11:20.843036,EV-DELIVERY-007,64.28,17.0,22.5384,88.33426,55.2
2026-10-01T14:11:22.351397,EV-DELIVERY-005,76.34,30.4,22.57837,88.34352,55.8
2026-10-01T14:11:23.858026,EV-DELIVERY-009,46.79,21.4,22.52908,88.31467,72.5
2026-10-01T14:11:25.364802,EV-DELIVERY-004,59.2,6.7,22.61988,88.34594,60.1
2026-10-01T14:11:26.872881,EV-DELIVERY-008,88.02,36.7,22.60338,88.34135,44.8
2026-10-01T14:11:28.379405,EV-DELIVERY-006,65.28,1.1,22.55512,88.41113,59.1
2026-10-01T14:11:29.885856,EV-DELIVERY-005,40.37,25.1,22.58512,88.36144,44.0
2026-10-01T14:11:31.392109,EV-DELIVERY-003,43.57,38.6,22.57537,88.33619,68.7
2026-10-01T14:11:32.898990,EV-DELIVERY-008,93.51,1.3,22.5492,88.39316,74.7
2026-10-01T14:11:34.405836,EV-DELIVERY-005,49.89,44.7,22.57526,88.39794,66.1
2026-10-01T14:11:35.911971,EV-DELIVERY-003,42.7,25.0,22.54837,88.35706,67.2
2026-10-01T14:11:37.419542,EV-DELIVERY-004,79.36,31.7,22.57469,88.36479,67.1
2026-10-01T14:11:38.925435,EV-DELIVERY-005,57.9,10.5,22.53673,88.31559,68.3
2026-10-01T14:11:40.431120,EV-DELIVERY-001,92.24,4.7,22.54487,88.39516,51.2
2026-10-01T14:11:41.943073,EV-DELIVERY-001,85.88,4.9,22.58328,88.33838,57.5
2026-10-01T14:11:43.449048,EV-DELIVERY-007,47.1,2.5,22.53818,88.32641,41.1
2026-10-01T14:11:44.955214,EV-DELIVERY-005,30.59,16.8,22.53135,88.36519,67.7
2026-10-01T14:11:46.462230,EV-DELIVERY-005,90.51,31.0,22.57728,88.41316,70.1
2026-10-01T14:11:47.969869,EV-DELIVERY-008,78.94,18.0,22.58959,88.36143,66.4
2026-10-01T14:11:49.476695,EV-DELIVERY-007,71.61,29.2,22.56656,88.34236,68.6
2026-10-01T14:11:50.984476,EV-DELIVERY-006,62.81,4.7,22.55211,88.37255,55.1
2026-10-01T14:11:52.514911,EV-DELIVERY-009,72.98,25.9,22.52772,88.3559,57.8
2026-10-01T14:11:54.022820,EV-DELIVERY-001,76.03,30.3,22.6213,88.34264,68.3
2026-10-01T14:11:55.531453,EV-DELIVERY-002,88.54,28.4,22.60795,88.31921,41.8
2026-10-01T14:11:57.040791,EV-DELIVERY-005,51.76,34.4,22.59232,88.34743,44.6
2026-10-01T14:11:58.546647,EV-DELIVERY-003,21.92,10.5,22.53309,88.35836,46.9
2026-10-01T14:12:00.052963,EV-DELIVERY-005,76.96,31.0,22.55431,88.38391,67.1
2026-10-01T14:12:01.560072,EV-DELIVERY-005,15.75,35.1,22.54095,88.32451,46.1
2026-10-01T14:12:03.067577,EV-DELIVERY-006,77.76,35.4,22.57301,88.38444,68.0
2026-10-01T14:12:04.576157,EV-DELIVERY-002,57.19,19.1,22.52662,88.37183,66.2
2026-10-01T14:12:06.090539,EV-DELIVERY-003,53.77,31.4,22.60891,88.39496,59.6
2026-10-01T14:12:07.597792,EV-DELIVERY-002,21.05,29.1,22.60661,88.36537,58.5
2026-10-01T14:12:09.105904,EV-DELIVERY-009,95.23,2.7,22.546,88.3983,52.3
2026-10-01T14:12:10.613831,EV-DELIVERY-005,87.04,21.4,22.61184,88.33788,74.5
2026-10-01T14:12:12.120867,EV-DELIVERY-001,37.26,23.1,22.54119,88.38784,50.2
2026-10-01T14:12:13.626648,EV-DELIVERY-005,22.57,25.8,22.53365,88.36041,68.1
2026-10-01T14:12:15.134092,EV-DELIVERY-002,48.44,11.3,22.58773,88.4016,51.5
2026-10-01T14:12:16.641255,EV-DELIVERY-002,31.36,41.2,22.57266,88.39505,74.1
2026-10-01T14:12:18.147419,EV-DELIVERY-001,84.55,10.1,22.59055,88.35888,71.7
2026-10-01T14:12:19.653764,EV-DELIVERY-009,25.57,44.5,22.55665,88.34009,65.5
2026-10-01T14:12:21.161410,EV-DELIVERY-001,88.34,12.3,22.54194,88.31951,47.5
2026-10-01T14:12:22.669331,EV-DELIVERY-002,41.64,43.8,22.61349,88.34308,48.9
2026-10-01T14:12:24.176291,EV-DELIVERY-004,87.2,3.6,22.52447,88.4132,52.9
2026-10-01T14:12:25.682699,EV-DELIVERY-009,30.48,3.4,22.52469,88.40615,48.5
2026-10-01T14:12:27.193237,EV-DELIVERY-005,66.74,44.7,22.58699,88.38422,40.4
2026-10-01T14:12:28.699787,EV-DELIVERY-009,74.4,18.3,22.58681,88.39187,66.9
2026-10-01T14:12:30.230661,EV-DELIVERY-005,39.17,35.0,22.59977,88.37924,60.8
2026-10-01T14:12:31.752667,EV-DELIVERY-001,78.78,5.8,22.56418,88.39357,72.7
2026-10-01T14:12:33.259564,EV-DELIVERY-004,71.8,20.1,22.58582,88.36298,54.9
2026-10-01T14:12:34.768616,EV-DELIVERY-004,35.39,11.9,22.55235,88.36691,71.2
2026-10-01T14:12:36.275413,EV-DELIVERY-004,34.79,40.9,22.56016,88.34572,57.6
2026-10-01T14:12:37.781497,EV-DELIVERY-002,39.0,29.4,22.59734,88.39222,62.2
2026-10-01T14:12:39.288254,EV-DELIVERY-001,85.64,34.3,22.59079,88.3321,60.4
2026-10-01T14:12:40.794223,EV-DELIVERY-008,69.35,15.8,22.52528,88.3974,65.7
2026-10-01T14:12:42.301980,EV-DELIVERY-002,88.61,9.0,22.551,88.33524,72.8
2026-10-01T14:12:43.808456,EV-DELIVERY-002,42.99,28.9,22.58938,88.37527,52.4
2026-10-01T14:12:45.313939,EV-DELIVERY-001,97.19,41.9,22.61255,88.38714,60.8
2026-10-01T14:12:46.820171,EV-DELIVERY-005,92.41,30.9,22.55149,88.33912,71.4
2026-10-01T14:12:48.327469,EV-DELIVERY-008,84.19,13.9,22.59599,88.37586,66.7
2026-10-01T14:12:49.835192,EV-DELIVERY-005,78.61,37.0,22.57059,88.36033,49.9
2026-10-01T14:12:51.342617,EV-DELIVERY-004,83.03,12.4,22.57724,88.39718,61.2
2026-10-01T14:12:52.848582,EV-DELIVERY-003,16.78,18.3,22.5299,88.38629,65.1
2026-10-01T14:12:54.353990,EV-DELIVERY-004,92.0,7.5,22.57309,88.40636,51.7
2026-10-01T14:12:55.861598,EV-DELIVERY-003,21.73,18.9,22.52327,88.35568,60.2
2026-10-01T14:12:57.369297,EV-DELIVERY-003,33.96,34.3,22.61725,88.33371,62.3
2026-10-01T14:12:58.876603,EV-DELIVERY-001,43.95,31.1,22.56809,88.41197,61.4
2026-10-01T14:13:00.382621,EV-DELIVERY-001,88.19,9.2,22.53581,88.33416,40.7
2026-10-01T14:13:01.889669,EV-DELIVERY-009,76.83,3.5,22.56469,88.39563,53.8
2026-10-01T14:13:03.396447,EV-DELIVERY-008,16.36,25.1,22.55499,88.38252,56.5
2026-10-01T14:13:04.903688,EV-DELIVERY-003,92.81,30.4,22.62251,88.33594,71.2
2026-10-01T14:13:06.410122,EV-DELIVERY-008,39.13,5.4,22.55658,88.34111,51.8
2026-10-01T14:13:07.916231,EV-DELIVERY-002,73.35,42.7,22.5765,88.38536,54.9
2026-10-01T14:13:09.422891,EV-DELIVERY-006,45.09,0.2,22.60277,88.35289,65.1
2026-10-01T14:13:10.930377,EV-DELIVERY-001,62.0,11.3,22.52271,88.36357,56.5
2026-10-01T14:13:12.442301,EV-DELIVERY-005,96.4,8.1,22.5631,88.4118,73.8
2026-10-01T14:13:13.949899,EV-DELIVERY-001,50.16,15.4,22.60354,88.35396,57.3
2026-10-01T14:13:15.457599,EV-DELIVERY-009,53.43,20.7,22.62225,88.34109,59.0
2026-10-01T14:13:16.966504,EV-DELIVERY-007,76.54,31.5,22.56267,88.32645,40.3
2026-10-01T14:13:18.471968,EV-DELIVERY-001,42.59,12.4,22.55383,88.34412,53.1
2026-10-01T14:13:19.980390,EV-DELIVERY-003,16.16,6.7,22.5604,88.36018,67.7
2026-10-01T14:13:21.486203,EV-DELIVERY-004,74.32,23.3,22.57497,88.38662,68.3
2026-10-01T14:13:22.992872,EV-DELIVERY-003,80.8,8.6,22.5365,88.36763,44.5
2026-10-01T14:13:24.500187,EV-DELIVERY-001,47.06,23.1,22.57882,88.35888,56.8
2026-10-01T14:13:26.011553,EV-DELIVERY-009,22.17,27.1,22.59785,88.35264,49.8
2026-10-01T14:13:27.520638,EV-DELIVERY-002,81.83,0.5,22.59879,88.41154,40.9
2026-10-01T14:13:29.036990,EV-DELIVERY-004,67.86,0.7,22.60372,88.39657,67.7
2026-10-01T14:13:30.545366,EV-DELIVERY-007,77.94,21.1,22.61872,88.40495,73.6
2026-10-01T14:13:32.053232,EV-DELIVERY-009,64.18,28.2,22.57103,88.38824,42.6
2026-10-01T14:13:33.559751,EV-DELIVERY-009,84.91,28.2,22.61083,88.37141,50.6
2026-10-01T14:13:35.075691,EV-DELIVERY-004,90.46,18.8,22.56973,88.38253,63.4
2026-10-01T14:13:36.582547,EV-DELIVERY-002,65.24,2.2,22.56092,88.38804,52.1
2026-10-01T14:13:38.089061,EV-DELIVERY-008,49.86,40.5,22.53928,88.36581,61.3
2026-10-01T14:13:39.601135,EV-DELIVERY-005,31.32,23.7,22.53862,88.34066,48.4
2026-10-01T14:13:41.110979,EV-DELIVERY-003,47.12,5.8,22.52287,88.40424,49.5
2026-10-01T14:13:42.687731,EV-DELIVERY-001,22.79,6.6,22.53602,88.38193,71.9
2026-10-01T14:13:44.193195,EV-DELIVERY-009,36.47,26.8,22.54763,88.37461,68.6
2026-10-01T14:13:45.700430,EV-DELIVERY-004,77.38,17.0,22.57719,88.37725,49.9
2026-10-01T14:13:47.207005,EV-DELIVERY-008,43.98,12.8,22.55352,88.34063,57.9
2026-10-01T14:13:48.718111,EV-DELIVERY-009,58.24,4.0,22.54732,88.38438,72.9
2026-10-01T14:13:50.223894,EV-DELIVERY-002,20.81,23.5,22.56978,88.35009,64.5
2026-10-01T14:13:51.731502,EV-DELIVERY-005,41.77,30.4,22.54699,88.36082,40.3
2026-10-01T14:13:53.245667,EV-DELIVERY-006,59.6,39.4,22.52379,88.39877,71.5
2026-10-01T14:13:54.752374,EV-DELIVERY-004,35.51,15.2,22.54285,88.33637,54.8
2026-10-01T14:13:56.259152,EV-DELIVERY-003,89.38,19.1,22.52846,88.35973,45.9
2026-10-01T14:13:57.767618,EV-DELIVERY-006,94.47,4.7,22.59349,88.40657,73.5
2026-10-01T14:13:59.282793,EV-DELIVERY-008,24.38,21.2,22.54312,88.39424,56.6
2026-10-01T14:14:00.795497,EV-DELIVERY-004,27.32,1.2,22.605,88.35416,42.4
2026-10-01T14:14:02.303246,EV-DELIVERY-003,78.19,29.6,22.58371,88.32517,65.3
2026-10-01T14:14:03.808841,EV-DELIVERY-008,78.62,3.2,22.55468,88.32642,50.3
2026-10-01T14:14:05.316515,EV-DELIVERY-005,80.26,11.8,22.59292,88.32522,64.3
2026-10-01T14:14:06.822664,EV-DELIVERY-009,74.79,28.1,22.57832,88.39806,66.9
2026-10-01T14:14:08.330529,EV-DELIVERY-006,43.73,15.7,22.60707,88.38956,59.2
2026-10-01T14:14:09.837357,EV-DELIVERY-002,28.26,7.8,22.62248,88.34134,69.3
2026-10-01T14:14:11.344111,EV-DELIVERY-009,60.45,21.1,22.54322,88.37422,68.1
2026-10-01T14:14:12.850295,EV-DELIVERY-005,48.31,11.8,22.5812,88.33244,60.5
2026-10-01T14:14:14.356492,EV-DELIVERY-002,31.49,27.7,22.59132,88.39322,44.2
2026-10-01T14:14:15.863092,EV-DELIVERY-008,42.85,3.3,22.60177,88.38162,59.8
2026-10-01T14:14:17.369081,EV-DELIVERY-009,28.44,29.0,22.59066,88.41245,40.5
2026-10-01T14:14:18.876398,EV-DELIVERY-002,32.98,11.1,22.57348,88.33517,66.0
2026-10-01T14:14:20.383120,EV-DELIVERY-007,54.59,44.1,22.54411,88.33823,51.5
2026-10-01T14:14:21.889503,EV-DELIVERY-007,27.81,5.2,22.55945,88.35855,40.0
2026-10-01T14:14:23.395292,EV-DELIVERY-007,70.98,13.0,22.58066,88.40134,49.5
2026-10-01T14:14:24.906273,EV-DELIVERY-007,44.92,32.3,22.56119,88.37641,54.6
2026-10-01T14:14:26.413293,EV-DELIVERY-001,67.51,43.8,22.5778,88.32511,71.9
2026-10-01T14:14:27.921065,EV-DELIVERY-007,20.25,18.0,22.6204,88.37272,53.9
2026-10-01T14:14:29.428836,EV-DELIVERY-002,24.68,25.0,22.62255,88.39683,46.2
2026-10-01T14:14:30.935920,EV-DELIVERY-004,54.06,43.9,22.59133,88.31721,71.2
2026-10-01T14:14:32.443057,EV-DELIVERY-002,56.45,18.8,22.60747,88.32843,50.8
2026-10-01T14:14:33.948860,EV-DELIVERY-004,66.82,14.8,22.54873,88.39013,65.5
2026-10-01T14:14:35.455461,EV-DELIVERY-004,29.08,34.3,22.56934,88.35681,49.3
2026-10-01T14:14:36.967923,EV-DELIVERY-008,64.04,30.6,22.60996,88.31978,70.1
2026-10-01T14:14:38.474283,EV-DELIVERY-006,97.9,13.3,22.54253,88.36466,69.1
2026-10-01T14:14:39.987049,EV-DELIVERY-001,73.45,33.5,22.55757,88.39336,48.7
2026-10-01T14:14:41.494414,EV-DELIVERY-006,73.53,2.1,22.53472,88.38623,60.1
2026-10-01T14:14:43.001035,EV-DELIVERY-008,41.51,36.1,22.56509,88.3656,71.9
2026-10-01T14:14:44.511240,EV-DELIVERY-008,87.2,25.7,22.57717,88.36931,51.6
2026-10-01T14:14:46.019435,EV-DELIVERY-005,80.52,11.9,22.6084,88.33793,45.8
2026-10-01T14:14:47.525025,EV-DELIVERY-008,68.38,4.6,22.57967,88.32153,65.5
2026-10-01T14:14:49.059958,EV-DELIVERY-004,38.66,40.4,22.61713,88.40479,49.2
2026-10-01T14:14:50.567385,EV-DELIVERY-009,18.43,1.9,22.54077,88.39208,57.5
2026-10-01T14:14:52.074169,EV-DELIVERY-006,65.32,44.5,22.61563,88.38138,65.1
2026-10-01T14:14:53.579717,EV-DELIVERY-009,56.11,22.3,22.5403,88.31424,73.1
2026-10-01T14:14:55.086419,EV-DELIVERY-007,34.47,5.0,22.54563,88.39582,61.7
2026-10-01T14:14:56.595708,EV-DELIVERY-005,58.68,6.8,22.61912,88.35623,44.4
2026-10-01T14:14:58.102998,EV-DELIVERY-005,86.45,28.2,22.62189,88.32879,72.8
2026-10-01T14:14:59.609250,EV-DELIVERY-007,68.67,11.4,22.60994,88.33391,64.6
2026-10-01T14:15:01.118381,EV-DELIVERY-008,66.25,17.8,22.58771,88.3551,70.1
2026-10-01T14:15:02.636859,EV-DELIVERY-004,84.65,15.9,22.5662,88.39568,74.4
2026-10-01T14:15:04.146179,EV-DELIVERY-009,27.45,28.0,22.57488,88.40808,64.7
2026-10-01T14:15:05.652247,EV-DELIVERY-008,53.12,25.9,22.60421,88.4086,62.6
2026-10-01T14:15:07.163928,EV-DELIVERY-008,47.71,28.1,22.60935,88.40752,40.7
2026-10-01T14:15:08.669821,EV-DELIVERY-004,58.83,10.8,22.53486,88.36995,49.7
2026-10-01T14:15:10.177256,EV-DELIVERY-004,40.39,13.7,22.61119,88.32515,59.5
2026-10-01T14:15:11.683712,EV-DELIVERY-008,84.84,0.3,22.53929,88.32317,56.6
2026-10-01T14:15:13.189583,EV-DELIVERY-009,67.05,35.1,22.5972,88.39336,66.7
2026-10-01T14:15:14.701984,EV-DELIVERY-004,97.17,0.1,22.5528,88.40264,58.7
2026-10-01T14:15:16.227682,EV-DELIVERY-003,68.52,16.2,22.53593,88.38463,71.2
2026-10-01T14:15:17.736374,EV-DELIVERY-003,57.15,43.1,22.55234,88.32848,59.8
2026-10-01T14:15:19.243034,EV-DELIVERY-007,24.05,5.1,22.58627,88.35948,44.6
2026-10-01T14:15:20.750294,EV-DELIVERY-009,38.88,0.5,22.61338,88.33321,61.2
2026-10-01T14:15:22.256723,EV-DELIVERY-005,23.21,23.4,22.60609,88.36811,60.6
2026-10-01T14:15:23.764654,EV-DELIVERY-004,24.53,5.9,22.61011,88.36615,74.5
2026-10-01T14:15:25.271703,EV-DELIVERY-004,66.18,13.4,22.54298,88.37745,62.4
2026-10-01T14:15:26.778803,EV-DELIVERY-005,80.35,41.6,22.54818,88.37697,55.1
2026-10-01T14:15:28.286421,EV-DELIVERY-006,36.7,3.6,22.59085,88.32838,41.9
2026-10-01T14:15:29.794556,EV-DELIVERY-008,39.9,32.5,22.61422,88.39401,68.4
2026-10-01T14:15:31.301300,EV-DELIVERY-008,53.22,35.7,22.5611,88.35512,43.1
2026-10-01T14:15:32.808879,EV-DELIVERY-002,21.01,17.1,22.59848,88.34774,41.5
2026-10-01T14:15:34.315400,EV-DELIVERY-002,51.62,21.0,22.53525,88.32558,46.1
2026-10-01T14:15:35.821478,EV-DELIVERY-003,47.46,22.8,22.53015,88.33677,74.8
2026-10-01T14:15:37.356554,EV-DELIVERY-005,26.16,42.3,22.56052,88.39313,54.1
2026-10-01T14:15:38.871561,EV-DELIVERY-004,30.41,17.2,22.60018,88.40937,73.4
2026-10-01T14:15:40.378535,EV-DELIVERY-006,80.18,40.1,22.55868,88.35665,57.3
2026-10-01T14:15:41.885827,EV-DELIVERY-005,62.91,35.5,22.5901,88.3932,65.9
2026-10-01T14:15:43.391111,EV-DELIVERY-009,33.82,4.9,22.59722,88.37153,60.2
2026-10-01T14:15:44.900219,EV-DELIVERY-007,83.72,33.2,22.58424,88.31407,68.8
2026-10-01T14:15:46.409665,EV-DELIVERY-007,92.44,8.5,22.57679,88.3921,48.9
2026-10-01T14:15:47.921180,EV-DELIVERY-008,74.34,39.7,22.60843,88.37589,61.7
2026-10-01T14:15:49.430109,EV-DELIVERY-004,63.2,39.1,22.54781,88.37834,62.2
2026-10-01T14:15:50.938768,EV-DELIVERY-008,79.73,7.5,22.57508,88.35406,59.8
2026-10-01T14:15:52.448144,EV-DELIVERY-001,21.89,33.3,22.55335,88.31812,41.8
2026-10-01T14:15:53.954192,EV-DELIVERY-005,90.79,44.2,22.57674,88.34124,41.4
2026-10-01T14:15:55.460780,EV-DELIVERY-008,85.29,17.8,22.58151,88.39451,49.2
2026-10-01T14:15:56.971943,EV-DELIVERY-007,42.63,4.7,22.59642,88.37933,68.1
2026-10-01T14:15:58.503802,EV-DELIVERY-001,44.34,6.3,22.52495,88.40169,44.5
2026-10-01T14:16:00.015299,EV-DELIVERY-007,76.69,17.8,22.59834,88.39587,45.9
2026-10-01T14:16:01.522891,EV-DELIVERY-009,29.49,36.7,22.54253,88.34558,42.6
2026-10-01T14:16:03.029019,EV-DELIVERY-009,15.39,20.8,22.60185,88.33114,48.1
2026-10-01T14:16:04.539215,EV-DELIVERY-002,24.88,0.7,22.5877,88.34469,58.5
2026-10-01T14:16:06.045172,EV-DELIVERY-009,47.33,29.6,22.57828,88.36386,68.5
2026-10-01T14:16:07.551709,EV-DELIVERY-003,48.35,30.2,22.60117,88.36298,49.3
2026-10-01T14:16:09.057892,EV-DELIVERY-004,60.65,32.1,22.56882,88.41079,44.6
2026-10-01T14:16:10.563466,EV-DELIVERY-004,49.87,38.2,22.52643,88.32741,44.0
2026-10-01T14:16:12.071883,EV-DELIVERY-008,86.44,32.4,22.57426,88.39293,74.6
2026-10-01T14:16:13.577947,EV-DELIVERY-005,37.24,37.1,22.53976,88.32893,55.5
2026-10-01T14:16:15.086798,EV-DELIVERY-007,48.75,34.8,22.54583,88.31672,70.2
2026-10-01T14:16:16.593327,EV-DELIVERY-003,82.82,10.7,22.53874,88.32508,42.5
2026-10-01T14:16:18.098770,EV-DELIVERY-002,74.71,31.9,22.56563,88.36151,65.8
2026-10-01T14:16:19.604857,EV-DELIVERY-004,92.01,37.8,22.60193,88.35045,43.0
2026-10-01T14:16:21.111282,EV-DELIVERY-003,75.88,35.7,22.5461,88.38287,62.3
2026-10-01T14:16:22.617585,EV-DELIVERY-006,53.76,33.6,22.56831,88.37691,50.1
2026-10-01T14:16:24.123265,EV-DELIVERY-001,46.63,14.2,22.52907,88.33931,74.1
2026-10-01T14:16:25.628571,EV-DELIVERY-008,28.89,0.7,22.5847,88.36256,52.9
2026-10-01T14:16:27.136386,EV-DELIVERY-007,55.49,2.7,22.62041,88.39559,64.7
2026-10-01T14:16:28.643451,EV-DELIVERY-003,27.25,19.4,22.53555,88.33804,45.7
2026-10-01T14:16:30.149688,EV-DELIVERY-006,79.68,2.5,22.61223,88.34306,68.6
2026-10-01T14:16:31.655292,EV-DELIVERY-002,21.88,44.6,22.60164,88.41155,46.0
2026-10-01T14:16:33.160863,EV-DELIVERY-008,28.66,13.6,22.53281,88.36492,73.0
2026-10-01T14:16:34.667263,EV-DELIVERY-005,22.27,15.6,22.53402,88.41253,58.5
2026-10-01T14:16:36.184099,EV-DELIVERY-001,68.2,39.5,22.60098,88.35027,69.4
2026-10-01T14:16:37.715971,EV-DELIVERY-001,78.38,38.9,22.58955,88.3816,63.9
2026-10-01T14:16:39.222550,EV-DELIVERY-002,84.45,37.0,22.55726,88.34595,56.8
2026-10-01T14:16:40.728343,EV-DELIVERY-005,72.71,16.1,22.61817,88.32467,64.8
2026-10-01T14:16:42.233977,EV-DELIVERY-006,17.65,10.6,22.61159,88.31552,45.3
2026-10-01T14:16:43.778137,EV-DELIVERY-008,48.06,37.6,22.6224,88.36571,58.6
2026-10-01T14:16:45.283654,EV-DELIVERY-008,62.33,27.8,22.61324,88.40459,67.8
2026-10-01T14:16:46.790095,EV-DELIVERY-005,21.11,1.2,22.61049,88.31905,52.1
2026-10-01T14:16:48.296090,EV-DELIVERY-004,64.97,27.1,22.52967,88.35572,73.4
2026-10-01T14:16:49.802072,EV-DELIVERY-008,97.21,23.2,22.60692,88.40639,55.8
2026-10-01T14:16:51.308275,EV-DELIVERY-006,78.06,41.8,22.6199,88.39617,74.6
2026-10-01T14:16:52.815801,EV-DELIVERY-006,87.35,10.4,22.60099,88.36401,68.3
2026-10-01T14:16:54.323026,EV-DELIVERY-002,47.44,17.1,22.60972,88.39023,62.5
2026-10-01T14:16:55.830143,EV-DELIVERY-004,34.51,35.1,22.58972,88.40045,74.3
2026-10-01T14:16:57.336736,EV-DELIVERY-003,41.8,2.4,22.61982,88.36477,45.0
2026-10-01T14:16:58.842787,EV-DELIVERY-004,65.68,13.6,22.57454,88.36453,40.4
2026-10-01T14:17:00.348915,EV-DELIVERY-002,65.62,31.3,22.59024,88.33797,51.8
2026-10-01T14:17:01.854354,EV-DELIVERY-007,64.63,4.6,22.55882,88.38899,43.8
2026-10-01T14:17:03.360927,EV-DELIVERY-003,19.66,14.3,22.55277,88.40207,57.0
2026-10-01T14:17:04.867432,EV-DELIVERY-008,95.99,39.5,22.58353,88.38918,47.7
2026-10-01T14:17:06.373848,EV-DELIVERY-009,86.66,39.4,22.59766,88.32304,62.4
