event_timestamp,store_id,sku_id,quantity_checkout,remaining_stock,order_id
2026-10-01T14:08:48.253236,DARKSTORE-KOL-04,SKU-BREAD-WHEAT,4,120,ORD-723586
2026-10-01T14:08:50.027849,DARKSTORE-KOL-03,SKU-BREAD-WHEAT,2,93,ORD-377277
2026-10-01T14:08:51.580510,DARKSTORE-KOL-04,SKU-MILK-1L,3,69,ORD-428968
2026-10-01T14:08:53.090645,DARKSTORE-KOL-01,SKU-BREAD-WHEAT,4,104,ORD-314402
2026-10-01T14:08:54.596930,DARKSTORE-KOL-01,SKU-EGGS-12PK,3,29,ORD-117736
2026-10-01T14:08:56.106045,DARKSTORE-KOL-04,SKU-EGGS-12PK,3,71,ORD-607201
2026-10-01T14:08:57.612668,DARKSTORE-KOL-01,SKU-BREAD-WHEAT,3,27,ORD-890078
2026-10-01T14:08:59.118072,DARKSTORE-KOL-04,SKU-APPLES-1KG,2,64,ORD-400211
2026-10-01T14:09:00.626048,DARKSTORE-KOL-04,SKU-APPLES-1KG,3,94,ORD-893893
2026-10-01T14:09:02.131058,DARKSTORE-KOL-03,SKU-EGGS-12PK,4,92,ORD-143419
2026-10-01T14:09:03.638352,DARKSTORE-KOL-02,SKU-BREAD-WHEAT,3,55,ORD-262701
2026-10-01T14:09:05.147553,DARKSTORE-KOL-02,SKU-MILK-1L,1,100,ORD-502350
2026-10-01T14:09:06.654807,DARKSTORE-KOL-04,SKU-APPLES-1KG,2,108,ORD-872180
2026-10-01T14:09:08.160154,DARKSTORE-KOL-03,SKU-BREAD-WHEAT,3,34,ORD-934165
2026-10-01T14:09:09.668554,DARKSTORE-KOL-04,SKU-MILK-1L,1,16,ORD-650088
2026-10-01T14:09:11.174165,DARKSTORE-KOL-02,SKU-APPLES-1KG,2,119,ORD-259151
2026-10-01T14:09:12.680610,DARKSTORE-KOL-02,SKU-APPLES-1KG,1,65,ORD-413203
2026-10-01T14:09:14.186912,DARKSTORE-KOL-01,SKU-EGGS-12PK,2,111,ORD-745102
2026-10-01T14:09:15.693887,DARKSTORE-KOL-01,SKU-MILK-1L,3,110,ORD-434594
2026-10-01T14:09:17.200493,DARKSTORE-KOL-03,SKU-MILK-1L,4,53,ORD-134589
2026-10-01T14:09:18.707351,DARKSTORE-KOL-02,SKU-APPLES-1KG,2,94,ORD-968070
2026-10-01T14:09:20.216497,DARKSTORE-KOL-04,SKU-BREAD-WHEAT,4,42,ORD-520850
2026-10-01T14:09:21.722060,DARKSTORE-KOL-04,SKU-MILK-1L,1,105,ORD-222662
2026-10-01T14:09:23.228585,DARKSTORE-KOL-04,SKU-EGGS-12PK,2,116,ORD-907696
2026-10-01T14:09:24.736169,DARKSTORE-KOL-03,SKU-APPLES-1KG,1,61,ORD-135955
2026-10-01T14:09:26.242427,DARKSTORE-KOL-01,SKU-MILK-1L,1,66,ORD-189455
2026-10-01T14:09:27.748862,DARKSTORE-KOL-03,SKU-APPLES-1KG,1,85,ORD-498072
2026-10-01T14:09:29.255667,DARKSTORE-KOL-03,SKU-EGGS-12PK,3,110,ORD-748793
2026-10-01T14:09:30.762680,DARKSTORE-KOL-02,SKU-EGGS-12PK,1,69,ORD-831498
2026-10-01T14:09:32.270946,DARKSTORE-KOL-03,SKU-EGGS-12PK,1,51,ORD-633214
2026-10-01T14:09:33.780021,DARKSTORE-KOL-02,SKU-MILK-1L,2,53,ORD-247194
2026-10-01T14:09:35.288819,DARKSTORE-KOL-02,SKU-EGGS-12PK,4,47,ORD-872108
2026-10-01T14:09:36.797191,DARKSTORE-KOL-03,SKU-EGGS-12PK,2,31,ORD-450848
2026-10-01T14:09:38.304058,DARKSTORE-KOL-02,SKU-EGGS-12PK,1,101,ORD-740773
2026-10-01T14:09:39.809864,DARKSTORE-KOL-02,SKU-BREAD-WHEAT,2,45,ORD-842798
2026-10-01T14:09:41.318307,DARKSTORE-KOL-04,SKU-BREAD-WHEAT,4,90,ORD-961124
2026-10-01T14:09:42.823140,DARKSTORE-KOL-01,SKU-MILK-1L,3,114,ORD-141226
2026-10-01T14:09:44.332626,DARKSTORE-KOL-03,SKU-EGGS-12PK,3,37,ORD-918678
2026-10-01T14:09:45.839093,DARKSTORE-KOL-04,SKU-EGGS-12PK,4,101,ORD-849981
2026-10-01T14:09:47.377999,DARKSTORE-KOL-01,SKU-MILK-1L,4,83,ORD-230076
2026-10-01T14:09:48.886756,DARKSTORE-KOL-01,SKU-APPLES-1KG,2,96,ORD-860838
2026-10-01T14:09:50.392700,DARKSTORE-KOL-01,SKU-EGGS-12PK,1,71,ORD-322709
2026-10-01T14:09:51.903133,DARKSTORE-KOL-02,SKU-MILK-1L,4,114,ORD-596291
2026-10-01T14:09:53.409157,DARKSTORE-KOL-01,SKU-BREAD-WHEAT,4,94,ORD-943729
2026-10-01T14:09:54.917186,DARKSTORE-KOL-03,SKU-APPLES-1KG,1,39,ORD-563961
2026-10-01T14:09:56.422386,DARKSTORE-KOL-02,SKU-APPLES-1KG,2,34,ORD-957260
2026-10-01T14:09:57.934480,DARKSTORE-KOL-01,SKU-EGGS-12PK,4,79,ORD-182328
2026-10-01T14:09:59.442571,DARKSTORE-KOL-01,SKU-APPLES-1KG,4,63,ORD-992828
2026-10-01T14:10:00.949151,DARKSTORE-KOL-03,SKU-MILK-1L,2,116,ORD-486309
2026-10-01T14:10:02.456013,DARKSTORE-KOL-03,SKU-EGGS-12PK,1,64,ORD-719696
2026-10-01T14:10:03.964751,DARKSTORE-KOL-02,SKU-BREAD-WHEAT,2,101,ORD-600905
2026-10-01T14:10:05.472003,DARKSTORE-KOL-03,SKU-MILK-1L,3,58,ORD-917783
2026-10-01T14:10:06.977988,DARKSTORE-KOL-04,SKU-APPLES-1KG,4,94,ORD-832992
2026-10-01T14:10:08.486594,DARKSTORE-KOL-04,SKU-MILK-1L,4,119,ORD-567572
2026-10-01T14:10:09.993323,DARKSTORE-KOL-03,SKU-MILK-1L,1,25,ORD-608417
2026-10-01T14:10:11.502420,DARKSTORE-KOL-03,SKU-EGGS-12PK,3,79,ORD-190980
2026-10-01T14:10:13.009398,DARKSTORE-KOL-03,SKU-BREAD-WHEAT,3,63,ORD-990293
2026-10-01T14:10:14.516874,DARKSTORE-KOL-02,SKU-APPLES-1KG,4,39,ORD-925159
2026-10-01T14:10:16.027250,DARKSTORE-KOL-04,SKU-MILK-1L,2,60,ORD-711640
2026-10-01T14:10:17.536622,DARKSTORE-KOL-01,SKU-MILK-1L,2,50,ORD-843743
2026-10-01T14:10:19.042102,DARKSTORE-KOL-03,SKU-BREAD-WHEAT,2,74,ORD-589698
2026-10-01T14:10:20.546632,DARKSTORE-KOL-01,SKU-EGGS-12PK,4,22,ORD-593912
2026-10-01T14:10:22.058522,DARKSTORE-KOL-02,SKU-BREAD-WHEAT,2,24,ORD-194579
2026-10-01T14:10:23.569633,DARKSTORE-KOL-01,SKU-EGGS-12PK,4,80,ORD-455917
2026-10-01T14:10:25.076323,DARKSTORE-KOL-01,SKU-MILK-1L,4,96,ORD-119609
2026-10-01T14:10:26.583659,DARKSTORE-KOL-04,SKU-BREAD-WHEAT,1,32,ORD-936427
2026-10-01T14:10:28.089263,DARKSTORE-KOL-03,SKU-MILK-1L,1,58,ORD-113270
2026-10-01T14:10:29.598612,DARKSTORE-KOL-01,SKU-EGGS-12PK,4,71,ORD-566088
2026-10-01T14:10:31.105937,DARKSTORE-KOL-01,SKU-MILK-1L,1,53,ORD-573701
2026-10-01T14:10:32.614499,DARKSTORE-KOL-02,SKU-APPLES-1KG,3,31,ORD-198163
2026-10-01T14:10:34.120058,DARKSTORE-KOL-04,SKU-EGGS-12PK,3,103,ORD-546950
2026-10-01T14:10:35.627411,DARKSTORE-KOL-04,SKU-EGGS-12PK,1,116,ORD-665354
2026-10-01T14:10:37.133180,DARKSTORE-KOL-02,SKU-APPLES-1KG,2,65,ORD-928197
2026-10-01T14:10:38.640930,DARKSTORE-KOL-04,SKU-EGGS-12PK,2,113,ORD-418064
2026-10-01T14:10:40.150041,DARKSTORE-KOL-03,SKU-EGGS-12PK,3,84,ORD-868336
2026-10-01T14:10:41.655463,DARKSTORE-KOL-04,SKU-APPLES-1KG,2,53,ORD-582481
2026-10-01T14:10:43.162071,DARKSTORE-KOL-04,SKU-EGGS-12PK,1,87,ORD-972275
2026-10-01T14:10:44.670568,DARKSTORE-KOL-03,SKU-EGGS-12PK,1,117,ORD-650633
2026-10-01T14:10:46.174627,DARKSTORE-KOL-02,SKU-BREAD-WHEAT,2,97,ORD-494957
2026-10-01T14:10:47.681930,DARKSTORE-KOL-03,SKU-BREAD-WHEAT,3,37,ORD-357049
2026-10-01T14:10:49.187137,DARKSTORE-KOL-02,SKU-BREAD-WHEAT,2,76,ORD-721627
2026-10-01T14:10:50.693915,DARKSTORE-KOL-02,SKU-MILK-1L,4,39,ORD-330620
2026-10-01T14:10:52.202907,DARKSTORE-KOL-04,SKU-EGGS-12PK,3,79,ORD-352363
2026-10-01T14:10:53.709562,DARKSTORE-KOL-02,SKU-EGGS-12PK,2,43,ORD-244774
2026-10-01T14:10:55.214415,DARKSTORE-KOL-03,SKU-MILK-1L,3,93,ORD-310754
2026-10-01T14:10:56.723219,DARKSTORE-KOL-01,SKU-MILK-1L,2,9,ORD-462177
2026-10-01T14:10:58.228951,DARKSTORE-KOL-03,SKU-BREAD-WHEAT,3,106,ORD-829348
2026-10-01T14:10:59.736413,DARKSTORE-KOL-03,SKU-MILK-1L,4,85,ORD-518570
2026-10-01T14:11:01.246290,DARKSTORE-KOL-04,SKU-EGGS-12PK,2,105,ORD-326111
2026-10-01T14:11:02.752225,DARKSTORE-KOL-02,SKU-MILK-1L,3,102,ORD-558301
2026-10-01T14:11:04.259452,DARKSTORE-KOL-01,SKU-BREAD-WHEAT,3,58,ORD-141230
2026-10-01T14:11:05.770338,DARKSTORE-KOL-01,SKU-APPLES-1KG,3,41,ORD-559463
2026-10-01T14:11:07.277370,DARKSTORE-KOL-04,SKU-APPLES-1KG,2,27,ORD-162314
2026-10-01T14:11:08.786121,DARKSTORE-KOL-01,SKU-MILK-1L,4,73,ORD-390098
2026-10-01T14:11:10.292737,DARKSTORE-KOL-04,SKU-EGGS-12PK,3,93,ORD-996359
2026-10-01T14:11:11.799329,DARKSTORE-KOL-03,SKU-EGGS-12PK,3,11,ORD-911829
2026-10-01T14:11:13.307104,DARKSTORE-KOL-01,SKU-MILK-1L,3,99,ORD-293987
2026-10-01T14:11:14.813175,DARKSTORE-KOL-01,SKU-EGGS-12PK,2,79,ORD-246457
2026-10-01T14:11:16.322321,DARKSTORE-KOL-04,SKU-APPLES-1KG,3,97,ORD-278069
2026-10-01T14:11:17.830217,DARKSTORE-KOL-01,SKU-APPLES-1KG,1,116,ORD-232033
2026-10-01T14:11:19.338098,DARKSTORE-KOL-04,SKU-MILK-1L,4,7,ORD-341995
2026-10-01T14:11:20.844564,DARKSTORE-KOL-04,SKU-MILK-1L,4,113,ORD-120899
2026-10-01T14:11:22.353060,DARKSTORE-KOL-02,SKU-EGGS-12PK,1,7,ORD-273570
2026-10-01T14:11:23.858026,DARKSTORE-KOL-04,SKU-MILK-1L,4,12,ORD-493239
2026-10-01T14:11:25.364802,DARKSTORE-KOL-01,SKU-EGGS-12PK,3,73,ORD-195881
2026-10-01T14:11:26.874895,DARKSTORE-KOL-02,SKU-BREAD-WHEAT,2,53,ORD-813648
2026-10-01T14:11:28.381102,DARKSTORE-KOL-02,SKU-MILK-1L,3,42,ORD-745934
2026-10-01T14:11:29.887698,DARKSTORE-KOL-02,SKU-BREAD-WHEAT,4,18,ORD-703899
2026-10-01T14:11:31.394299,DARKSTORE-KOL-03,SKU-MILK-1L,4,106,ORD-586336
2026-10-01T14:11:32.901210,DARKSTORE-KOL-02,SKU-EGGS-12PK,4,106,ORD-275650
2026-10-01T14:11:34.406441,DARKSTORE-KOL-04,SKU-MILK-1L,4,18,ORD-669228
2026-10-01T14:11:35.913034,DARKSTORE-KOL-01,SKU-APPLES-1KG,4,15,ORD-542524
2026-10-01T14:11:37.419542,DARKSTORE-KOL-02,SKU-BREAD-WHEAT,3,75,ORD-111473
2026-10-01T14:11:38.927093,DARKSTORE-KOL-04,SKU-EGGS-12PK,3,39,ORD-264398
2026-10-01T14:11:40.433986,DARKSTORE-KOL-01,SKU-APPLES-1KG,1,80,ORD-760720
2026-10-01T14:11:41.944612,DARKSTORE-KOL-03,SKU-MILK-1L,4,108,ORD-502778
2026-10-01T14:11:43.450603,DARKSTORE-KOL-04,SKU-APPLES-1KG,1,23,ORD-372926
2026-10-01T14:11:44.955214,DARKSTORE-KOL-03,SKU-BREAD-WHEAT,1,96,ORD-424909
2026-10-01T14:11:46.462230,DARKSTORE-KOL-03,SKU-EGGS-12PK,3,115,ORD-844341
2026-10-01T14:11:47.972058,DARKSTORE-KOL-04,SKU-BREAD-WHEAT,3,108,ORD-377054
2026-10-01T14:11:49.477738,DARKSTORE-KOL-02,SKU-EGGS-12PK,4,112,ORD-512099
2026-10-01T14:11:50.991440,DARKSTORE-KOL-02,SKU-EGGS-12PK,4,15,ORD-442103
2026-10-01T14:11:52.516094,DARKSTORE-KOL-01,SKU-EGGS-12PK,2,100,ORD-525448
2026-10-01T14:11:54.022820,DARKSTORE-KOL-04,SKU-EGGS-12PK,3,51,ORD-362004
2026-10-01T14:11:55.535171,DARKSTORE-KOL-02,SKU-APPLES-1KG,4,72,ORD-113560
2026-10-01T14:11:57.042826,DARKSTORE-KOL-03,SKU-BREAD-WHEAT,1,101,ORD-304172
2026-10-01T14:11:58.547672,DARKSTORE-KOL-04,SKU-APPLES-1KG,3,64,ORD-612509
2026-10-01T14:12:00.054528,DARKSTORE-KOL-04,SKU-BREAD-WHEAT,1,83,ORD-227048
2026-10-01T14:12:01.561780,DARKSTORE-KOL-02,SKU-APPLES-1KG,2,17,ORD-918745
2026-10-01T14:12:03.069103,DARKSTORE-KOL-04,SKU-BREAD-WHEAT,3,24,ORD-467873
2026-10-01T14:12:04.582215,DARKSTORE-KOL-02,SKU-APPLES-1KG,4,110,ORD-518134
2026-10-01T14:12:06.092552,DARKSTORE-KOL-04,SKU-MILK-1L,1,107,ORD-297269
2026-10-01T14:12:07.600521,DARKSTORE-KOL-04,SKU-APPLES-1KG,4,59,ORD-876159
2026-10-01T14:12:09.106990,DARKSTORE-KOL-04,SKU-APPLES-1KG,3,91,ORD-505193
2026-10-01T14:12:10.616355,DARKSTORE-KOL-01,SKU-EGGS-12PK,2,20,ORD-489462
2026-10-01T14:12:12.121382,DARKSTORE-KOL-02,SKU-MILK-1L,1,76,ORD-938728
2026-10-01T14:12:13.627670,DARKSTORE-KOL-04,SKU-EGGS-12PK,3,100,ORD-832129
2026-10-01T14:12:15.136366,DARKSTORE-KOL-01,SKU-BREAD-WHEAT,4,35,ORD-140691
2026-10-01T14:12:16.643282,DARKSTORE-KOL-03,SKU-BREAD-WHEAT,4,41,ORD-200310
2026-10-01T14:12:18.147419,DARKSTORE-KOL-04,SKU-MILK-1L,2,88,ORD-570508
2026-10-01T14:12:19.655773,DARKSTORE-KOL-02,SKU-BREAD-WHEAT,1,74,ORD-351181
2026-10-01T14:12:21.163680,DARKSTORE-KOL-03,SKU-EGGS-12PK,4,81,ORD-201784
2026-10-01T14:12:22.669856,DARKSTORE-KOL-02,SKU-MILK-1L,1,82,ORD-783028
2026-10-01T14:12:24.177303,DARKSTORE-KOL-04,SKU-MILK-1L,1,112,ORD-562055
2026-10-01T14:12:25.685681,DARKSTORE-KOL-01,SKU-MILK-1L,1,116,ORD-778538
2026-10-01T14:12:27.194250,DARKSTORE-KOL-01,SKU-EGGS-12PK,4,70,ORD-304950
2026-10-01T14:12:28.701223,DARKSTORE-KOL-04,SKU-EGGS-12PK,4,53,ORD-560725
2026-10-01T14:12:30.236716,DARKSTORE-KOL-02,SKU-APPLES-1KG,3,92,ORD-748696
2026-10-01T14:12:31.753299,DARKSTORE-KOL-02,SKU-BREAD-WHEAT,3,117,ORD-431069
2026-10-01T14:12:33.261256,DARKSTORE-KOL-02,SKU-BREAD-WHEAT,1,68,ORD-515401
2026-10-01T14:12:34.770928,DARKSTORE-KOL-02,SKU-APPLES-1KG,2,32,ORD-857988
2026-10-01T14:12:36.277151,DARKSTORE-KOL-02,SKU-BREAD-WHEAT,3,6,ORD-898842
2026-10-01T14:12:37.783706,DARKSTORE-KOL-01,SKU-BREAD-WHEAT,2,80,ORD-117943
2026-10-01T14:12:39.289292,DARKSTORE-KOL-01,SKU-MILK-1L,3,106,ORD-821531
2026-10-01T14:12:40.796324,DARKSTORE-KOL-01,SKU-MILK-1L,2,32,ORD-387706
2026-10-01T14:12:42.302514,DARKSTORE-KOL-01,SKU-MILK-1L,4,118,ORD-246719
2026-10-01T14:12:43.809465,DARKSTORE-KOL-03,SKU-APPLES-1KG,3,21,ORD-663897
2026-10-01T14:12:45.315469,DARKSTORE-KOL-04,SKU-BREAD-WHEAT,2,14,ORD-163965
2026-10-01T14:12:46.821695,DARKSTORE-KOL-01,SKU-MILK-1L,3,87,ORD-516636
2026-10-01T14:12:48.327469,DARKSTORE-KOL-03,SKU-BREAD-WHEAT,3,115,ORD-158750
2026-10-01T14:12:49.835192,DARKSTORE-KOL-03,SKU-MILK-1L,3,72,ORD-450189
2026-10-01T14:12:51.344241,DARKSTORE-KOL-03,SKU-APPLES-1KG,1,14,ORD-292426
2026-10-01T14:12:52.848582,DARKSTORE-KOL-03,SKU-EGGS-12PK,3,57,ORD-217616
2026-10-01T14:12:54.355568,DARKSTORE-KOL-03,SKU-MILK-1L,1,115,ORD-101181
2026-10-01T14:12:55.861598,DARKSTORE-KOL-01,SKU-EGGS-12PK,2,41,ORD-313279
2026-10-01T14:12:57.371393,DARKSTORE-KOL-01,SKU-MILK-1L,2,100,ORD-849730
2026-10-01T14:12:58.876603,DARKSTORE-KOL-03,SKU-BREAD-WHEAT,1,18,ORD-837991
2026-10-01T14:13:00.384536,DARKSTORE-KOL-02,SKU-MILK-1L,3,108,ORD-150725
2026-10-01T14:13:01.891886,DARKSTORE-KOL-03,SKU-APPLES-1KG,2,88,ORD-553868
2026-10-01T14:13:03.396447,DARKSTORE-KOL-02,SKU-EGGS-12PK,3,79,ORD-378510
2026-10-01T14:13:04.905319,DARKSTORE-KOL-03,SKU-EGGS-12PK,2,98,ORD-757507
2026-10-01T14:13:06.412168,DARKSTORE-KOL-03,SKU-MILK-1L,2,19,ORD-423960
2026-10-01T14:13:07.916231,DARKSTORE-KOL-01,SKU-APPLES-1KG,2,104,ORD-560067
2026-10-01T14:13:09.423767,DARKSTORE-KOL-02,SKU-EGGS-12PK,1,27,ORD-707524
2026-10-01T14:13:10.934388,DARKSTORE-KOL-01,SKU-EGGS-12PK,3,79,ORD-345674
2026-10-01T14:13:12.444689,DARKSTORE-KOL-02,SKU-APPLES-1KG,4,79,ORD-404227
2026-10-01T14:13:13.949899,DARKSTORE-KOL-03,SKU-BREAD-WHEAT,2,74,ORD-263226
2026-10-01T14:13:15.459128,DARKSTORE-KOL-04,SKU-MILK-1L,1,95,ORD-857367
2026-10-01T14:13:16.966504,DARKSTORE-KOL-03,SKU-APPLES-1KG,4,30,ORD-675221
2026-10-01T14:13:18.473512,DARKSTORE-KOL-04,SKU-MILK-1L,1,20,ORD-566072
2026-10-01T14:13:19.982126,DARKSTORE-KOL-04,SKU-EGGS-12PK,4,46,ORD-994157
2026-10-01T14:13:21.487006,DARKSTORE-KOL-01,SKU-APPLES-1KG,2,86,ORD-935187
2026-10-01T14:13:22.993400,DARKSTORE-KOL-03,SKU-APPLES-1KG,1,102,ORD-430347
2026-10-01T14:13:24.502383,DARKSTORE-KOL-02,SKU-APPLES-1KG,3,101,ORD-810144
2026-10-01T14:13:26.011553,DARKSTORE-KOL-03,SKU-BREAD-WHEAT,4,50,ORD-285646
2026-10-01T14:13:27.523369,DARKSTORE-KOL-02,SKU-APPLES-1KG,4,28,ORD-221984
2026-10-01T14:13:29.037631,DARKSTORE-KOL-01,SKU-APPLES-1KG,4,16,ORD-177843
2026-10-01T14:13:30.545366,DARKSTORE-KOL-02,SKU-EGGS-12PK,3,24,ORD-462855
2026-10-01T14:13:32.055266,DARKSTORE-KOL-01,SKU-EGGS-12PK,1,14,ORD-257120
2026-10-01T14:13:33.564907,DARKSTORE-KOL-03,SKU-EGGS-12PK,3,62,ORD-354871
2026-10-01T14:13:35.077458,DARKSTORE-KOL-01,SKU-MILK-1L,2,105,ORD-798076
2026-10-01T14:13:36.583947,DARKSTORE-KOL-04,SKU-BREAD-WHEAT,4,92,ORD-220703
2026-10-01T14:13:38.092341,DARKSTORE-KOL-02,SKU-BREAD-WHEAT,4,103,ORD-950786
2026-10-01T14:13:39.601135,DARKSTORE-KOL-02,SKU-MILK-1L,4,19,ORD-775205
2026-10-01T14:13:41.121386,DARKSTORE-KOL-02,SKU-MILK-1L,4,70,ORD-587460
2026-10-01T14:13:42.688877,DARKSTORE-KOL-04,SKU-EGGS-12PK,1,46,ORD-837016
2026-10-01T14:13:44.193195,DARKSTORE-KOL-04,SKU-BREAD-WHEAT,4,7,ORD-484362
2026-10-01T14:13:45.702723,DARKSTORE-KOL-04,SKU-EGGS-12PK,2,82,ORD-346380
2026-10-01T14:13:47.209046,DARKSTORE-KOL-04,SKU-EGGS-12PK,1,58,ORD-697410
2026-10-01T14:13:48.718111,DARKSTORE-KOL-02,SKU-EGGS-12PK,1,43,ORD-702760
2026-10-01T14:13:50.223894,DARKSTORE-KOL-03,SKU-APPLES-1KG,4,90,ORD-360488
2026-10-01T14:13:51.732602,DARKSTORE-KOL-01,SKU-APPLES-1KG,4,104,ORD-544463
2026-10-01T14:13:53.245667,DARKSTORE-KOL-01,SKU-APPLES-1KG,2,29,ORD-208429
2026-10-01T14:13:54.753907,DARKSTORE-KOL-04,SKU-MILK-1L,4,78,ORD-614448
2026-10-01T14:13:56.261701,DARKSTORE-KOL-02,SKU-APPLES-1KG,3,65,ORD-985470
2026-10-01T14:13:57.769139,DARKSTORE-KOL-01,SKU-APPLES-1KG,1,94,ORD-563166
2026-10-01T14:13:59.284805,DARKSTORE-KOL-04,SKU-MILK-1L,2,105,ORD-935183
2026-10-01T14:14:00.795497,DARKSTORE-KOL-03,SKU-APPLES-1KG,3,28,ORD-638358
2026-10-01T14:14:02.303246,DARKSTORE-KOL-02,SKU-BREAD-WHEAT,4,116,ORD-665395
2026-10-01T14:14:03.809855,DARKSTORE-KOL-03,SKU-BREAD-WHEAT,1,94,ORD-599588
2026-10-01T14:14:05.318031,DARKSTORE-KOL-03,SKU-MILK-1L,4,17,ORD-482280
2026-10-01T14:14:06.824822,DARKSTORE-KOL-02,SKU-MILK-1L,2,104,ORD-140495
2026-10-01T14:14:08.331552,DARKSTORE-KOL-03,SKU-BREAD-WHEAT,4,5,ORD-264540
2026-10-01T14:14:09.837357,DARKSTORE-KOL-02,SKU-APPLES-1KG,4,104,ORD-258162
2026-10-01T14:14:11.346110,DARKSTORE-KOL-04,SKU-MILK-1L,1,98,ORD-114635
2026-10-01T14:14:12.850295,DARKSTORE-KOL-01,SKU-EGGS-12PK,4,55,ORD-725894
2026-10-01T14:14:14.356492,DARKSTORE-KOL-04,SKU-APPLES-1KG,1,46,ORD-425992
2026-10-01T14:14:15.864201,DARKSTORE-KOL-03,SKU-BREAD-WHEAT,2,112,ORD-113730
2026-10-01T14:14:17.369846,DARKSTORE-KOL-02,SKU-MILK-1L,3,111,ORD-725102
2026-10-01T14:14:18.877466,DARKSTORE-KOL-01,SKU-MILK-1L,1,12,ORD-269500
2026-10-01T14:14:20.383120,DARKSTORE-KOL-04,SKU-MILK-1L,3,106,ORD-970796
2026-10-01T14:14:21.889803,DARKSTORE-KOL-04,SKU-APPLES-1KG,1,78,ORD-357360
2026-10-01T14:14:23.397372,DARKSTORE-KOL-04,SKU-BREAD-WHEAT,3,36,ORD-763350
2026-10-01T14:14:24.908364,DARKSTORE-KOL-01,SKU-BREAD-WHEAT,3,115,ORD-658175
2026-10-01T14:14:26.416105,DARKSTORE-KOL-01,SKU-BREAD-WHEAT,2,93,ORD-803441
2026-10-01T14:14:27.921065,DARKSTORE-KOL-02,SKU-EGGS-12PK,3,18,ORD-235655
2026-10-01T14:14:29.428836,DARKSTORE-KOL-04,SKU-APPLES-1KG,2,91,ORD-702762
2026-10-01T14:14:30.935920,DARKSTORE-KOL-03,SKU-MILK-1L,4,112,ORD-629272
2026-10-01T14:14:32.444178,DARKSTORE-KOL-03,SKU-BREAD-WHEAT,3,41,ORD-346286
2026-10-01T14:14:33.950508,DARKSTORE-KOL-02,SKU-EGGS-12PK,2,27,ORD-618642
2026-10-01T14:14:35.458919,DARKSTORE-KOL-01,SKU-EGGS-12PK,3,35,ORD-729964
2026-10-01T14:14:36.969987,DARKSTORE-KOL-04,SKU-EGGS-12PK,3,60,ORD-383530
2026-10-01T14:14:38.474283,DARKSTORE-KOL-02,SKU-APPLES-1KG,2,56,ORD-744772
2026-10-01T14:14:39.987049,DARKSTORE-KOL-04,SKU-APPLES-1KG,1,32,ORD-834246
2026-10-01T14:14:41.496269,DARKSTORE-KOL-03,SKU-MILK-1L,1,36,ORD-297423
2026-10-01T14:14:43.001035,DARKSTORE-KOL-04,SKU-BREAD-WHEAT,1,61,ORD-914481
2026-10-01T14:14:44.511240,DARKSTORE-KOL-03,SKU-BREAD-WHEAT,1,39,ORD-853520
2026-10-01T14:14:46.019435,DARKSTORE-KOL-01,SKU-EGGS-12PK,3,58,ORD-127338
2026-10-01T14:14:47.527674,DARKSTORE-KOL-01,SKU-BREAD-WHEAT,1,117,ORD-346457
2026-10-01T14:14:49.059958,DARKSTORE-KOL-03,SKU-APPLES-1KG,3,61,ORD-871526
2026-10-01T14:14:50.567385,DARKSTORE-KOL-02,SKU-APPLES-1KG,3,16,ORD-195129
2026-10-01T14:14:52.074169,DARKSTORE-KOL-01,SKU-APPLES-1KG,4,40,ORD-669094
2026-10-01T14:14:53.581908,DARKSTORE-KOL-04,SKU-MILK-1L,1,66,ORD-782669
2026-10-01T14:14:55.088733,DARKSTORE-KOL-04,SKU-APPLES-1KG,2,45,ORD-640535
2026-10-01T14:14:56.597916,DARKSTORE-KOL-04,SKU-BREAD-WHEAT,4,43,ORD-868855
2026-10-01T14:14:58.102998,DARKSTORE-KOL-01,SKU-EGGS-12PK,3,101,ORD-294441
2026-10-01T14:14:59.610285,DARKSTORE-KOL-01,SKU-BREAD-WHEAT,2,59,ORD-836878
2026-10-01T14:15:01.120446,DARKSTORE-KOL-04,SKU-MILK-1L,3,15,ORD-208583
2026-10-01T14:15:02.636859,DARKSTORE-KOL-03,SKU-MILK-1L,2,52,ORD-985183
2026-10-01T14:15:04.148424,DARKSTORE-KOL-02,SKU-BREAD-WHEAT,2,80,ORD-398849
2026-10-01T14:15:05.657454,DARKSTORE-KOL-02,SKU-APPLES-1KG,4,117,ORD-652897
2026-10-01T14:15:07.164973,DARKSTORE-KOL-02,SKU-MILK-1L,4,94,ORD-131957
2026-10-01T14:15:08.671892,DARKSTORE-KOL-01,SKU-BREAD-WHEAT,2,85,ORD-160680
2026-10-01T14:15:10.178317,DARKSTORE-KOL-04,SKU-BREAD-WHEAT,2,116,ORD-586363
2026-10-01T14:15:11.683712,DARKSTORE-KOL-01,SKU-APPLES-1KG,4,33,ORD-170796
2026-10-01T14:15:13.189583,DARKSTORE-KOL-01,SKU-APPLES-1KG,4,58,ORD-630200
2026-10-01T14:15:14.707344,DARKSTORE-KOL-02,SKU-BREAD-WHEAT,2,100,ORD-443496
2026-10-01T14:15:16.230402,DARKSTORE-KOL-01,SKU-APPLES-1KG,1,79,ORD-174509
2026-10-01T14:15:17.736374,DARKSTORE-KOL-01,SKU-APPLES-1KG,4,53,ORD-261707
2026-10-01T14:15:19.243034,DARKSTORE-KOL-03,SKU-BREAD-WHEAT,4,12,ORD-102331
2026-10-01T14:15:20.750294,DARKSTORE-KOL-03,SKU-BREAD-WHEAT,4,56,ORD-257982
2026-10-01T14:15:22.258788,DARKSTORE-KOL-04,SKU-EGGS-12PK,3,49,ORD-416048
2026-10-01T14:15:23.766743,DARKSTORE-KOL-03,SKU-MILK-1L,1,97,ORD-678238
2026-10-01T14:15:25.273413,DARKSTORE-KOL-03,SKU-APPLES-1KG,2,102,ORD-308744
2026-10-01T14:15:26.778803,DARKSTORE-KOL-02,SKU-EGGS-12PK,4,78,ORD-219460
2026-10-01T14:15:28.286421,DARKSTORE-KOL-01,SKU-MILK-1L,2,81,ORD-249423
2026-10-01T14:15:29.795636,DARKSTORE-KOL-02,SKU-EGGS-12PK,2,109,ORD-617951
2026-10-01T14:15:31.303310,DARKSTORE-KOL-03,SKU-APPLES-1KG,1,78,ORD-875828
2026-10-01T14:15:32.809924,DARKSTORE-KOL-01,SKU-MILK-1L,1,25,ORD-757086
2026-10-01T14:15:34.315400,DARKSTORE-KOL-01,SKU-BREAD-WHEAT,3,12,ORD-873640
2026-10-01T14:15:35.823200,DARKSTORE-KOL-02,SKU-APPLES-1KG,2,22,ORD-929630
2026-10-01T14:15:37.356554,DARKSTORE-KOL-04,SKU-APPLES-1KG,4,111,ORD-811103
2026-10-01T14:15:38.871561,DARKSTORE-KOL-01,SKU-MILK-1L,2,69,ORD-539963
2026-10-01T14:15:40.378535,DARKSTORE-KOL-04,SKU-EGGS-12PK,4,64,ORD-326876
2026-10-01T14:15:41.885827,DARKSTORE-KOL-03,SKU-EGGS-12PK,2,6,ORD-366849
2026-10-01T14:15:43.391111,DARKSTORE-KOL-04,SKU-EGGS-12PK,4,94,ORD-895577
2026-10-01T14:15:44.902320,DARKSTORE-KOL-04,SKU-MILK-1L,4,50,ORD-945078
2026-10-01T14:15:46.410193,DARKSTORE-KOL-01,SKU-BREAD-WHEAT,4,70,ORD-249782
2026-10-01T14:15:47.924396,DARKSTORE-KOL-02,SKU-MILK-1L,1,95,ORD-855232
2026-10-01T14:15:49.430109,DARKSTORE-KOL-04,SKU-EGGS-12PK,2,97,ORD-879918
2026-10-01T14:15:50.938768,DARKSTORE-KOL-01,SKU-APPLES-1KG,2,21,ORD-825710
2026-10-01T14:15:52.448144,DARKSTORE-KOL-04,SKU-MILK-1L,4,33,ORD-167942
2026-10-01T14:15:53.954899,DARKSTORE-KOL-01,SKU-EGGS-12PK,1,34,ORD-174380
2026-10-01T14:15:55.462417,DARKSTORE-KOL-04,SKU-MILK-1L,3,83,ORD-747209
2026-10-01T14:15:56.973828,DARKSTORE-KOL-03,SKU-BREAD-WHEAT,4,60,ORD-510899
2026-10-01T14:15:58.507849,DARKSTORE-KOL-01,SKU-APPLES-1KG,3,99,ORD-545351
2026-10-01T14:16:00.016909,DARKSTORE-KOL-03,SKU-MILK-1L,3,35,ORD-748188
2026-10-01T14:16:01.524191,DARKSTORE-KOL-01,SKU-APPLES-1KG,1,41,ORD-470186
2026-10-01T14:16:03.032620,DARKSTORE-KOL-03,SKU-BREAD-WHEAT,1,71,ORD-675366
2026-10-01T14:16:04.540851,DARKSTORE-KOL-01,SKU-BREAD-WHEAT,3,56,ORD-139462
2026-10-01T14:16:06.046867,DARKSTORE-KOL-02,SKU-MILK-1L,2,108,ORD-481403
2026-10-01T14:16:07.551709,DARKSTORE-KOL-02,SKU-APPLES-1KG,2,8,ORD-220411
2026-10-01T14:16:09.058903,DARKSTORE-KOL-01,SKU-BREAD-WHEAT,4,10,ORD-381367
2026-10-01T14:16:10.566115,DARKSTORE-KOL-01,SKU-EGGS-12PK,4,118,ORD-865927
2026-10-01T14:16:12.073895,DARKSTORE-KOL-02,SKU-MILK-1L,2,55,ORD-807872
2026-10-01T14:16:13.580470,DARKSTORE-KOL-03,SKU-EGGS-12PK,4,95,ORD-747369
2026-10-01T14:16:15.089068,DARKSTORE-KOL-03,SKU-EGGS-12PK,2,79,ORD-664238
2026-10-01T14:16:16.594847,DARKSTORE-KOL-04,SKU-APPLES-1KG,4,78,ORD-650062
2026-10-01T14:16:18.099821,DARKSTORE-KOL-01,SKU-MILK-1L,1,34,ORD-591730
2026-10-01T14:16:19.605375,DARKSTORE-KOL-02,SKU-BREAD-WHEAT,1,10,ORD-569742
2026-10-01T14:16:21.113643,DARKSTORE-KOL-03,SKU-BREAD-WHEAT,2,23,ORD-915142
2026-10-01T14:16:22.619282,DARKSTORE-KOL-02,SKU-APPLES-1KG,1,69,ORD-840130
2026-10-01T14:16:24.124273,DARKSTORE-KOL-03,SKU-BREAD-WHEAT,3,75,ORD-600847
2026-10-01T14:16:25.630655,DARKSTORE-KOL-02,SKU-APPLES-1KG,1,74,ORD-838380
2026-10-01T14:16:27.138358,DARKSTORE-KOL-03,SKU-MILK-1L,1,59,ORD-347616
2026-10-01T14:16:28.644473,DARKSTORE-KOL-02,SKU-EGGS-12PK,2,36,ORD-949361
2026-10-01T14:16:30.149688,DARKSTORE-KOL-03,SKU-BREAD-WHEAT,2,10,ORD-540459
2026-10-01T14:16:31.655292,DARKSTORE-KOL-03,SKU-BREAD-WHEAT,3,41,ORD-166183
2026-10-01T14:16:33.162418,DARKSTORE-KOL-04,SKU-BREAD-WHEAT,1,52,ORD-669431
2026-10-01T14:16:34.667792,DARKSTORE-KOL-03,SKU-EGGS-12PK,3,109,ORD-938995
2026-10-01T14:16:36.189242,DARKSTORE-KOL-01,SKU-MILK-1L,3,65,ORD-773782
2026-10-01T14:16:37.715971,DARKSTORE-KOL-02,SKU-APPLES-1KG,2,15,ORD-779122
2026-10-01T14:16:39.223583,DARKSTORE-KOL-03,SKU-BREAD-WHEAT,4,6,ORD-107813
2026-10-01T14:16:40.729365,DARKSTORE-KOL-03,SKU-MILK-1L,3,110,ORD-910550
2026-10-01T14:16:42.236208,DARKSTORE-KOL-04,SKU-MILK-1L,4,5,ORD-347829
2026-10-01T14:16:43.779157,DARKSTORE-KOL-04,SKU-EGGS-12PK,3,43,ORD-787682
2026-10-01T14:16:45.283654,DARKSTORE-KOL-01,SKU-APPLES-1KG,4,44,ORD-270757
2026-10-01T14:16:46.791176,DARKSTORE-KOL-03,SKU-APPLES-1KG,1,47,ORD-670884
2026-10-01T14:16:48.297239,DARKSTORE-KOL-01,SKU-EGGS-12PK,4,58,ORD-606420
2026-10-01T14:16:49.802072,DARKSTORE-KOL-02,SKU-APPLES-1KG,1,64,ORD-239507
2026-10-01T14:16:51.308275,DARKSTORE-KOL-03,SKU-EGGS-12PK,4,13,ORD-379344
2026-10-01T14:16:52.818267,DARKSTORE-KOL-03,SKU-APPLES-1KG,2,103,ORD-261756
2026-10-01T14:16:54.323918,DARKSTORE-KOL-02,SKU-EGGS-12PK,3,30,ORD-458141
2026-10-01T14:16:55.831895,DARKSTORE-KOL-03,SKU-MILK-1L,1,64,ORD-542622
2026-10-01T14:16:57.337404,DARKSTORE-KOL-01,SKU-EGGS-12PK,3,37,ORD-906574
2026-10-01T14:16:58.844854,DARKSTORE-KOL-02,SKU-BREAD-WHEAT,1,28,ORD-173791
2026-10-01T14:17:00.349948,DARKSTORE-KOL-04,SKU-BREAD-WHEAT,4,86,ORD-638203
2026-10-01T14:17:01.854354,DARKSTORE-KOL-03,SKU-APPLES-1KG,3,85,ORD-598083
2026-10-01T14:17:03.360927,DARKSTORE-KOL-03,SKU-MILK-1L,1,38,ORD-752453
2026-10-01T14:17:04.868489,DARKSTORE-KOL-01,SKU-MILK-1L,4,91,ORD-291627
2026-10-01T14:17:06.375418,DARKSTORE-KOL-01,SKU-MILK-1L,4,63,ORD-569257
